{"cameraMode":{"drawMode":0,"name":"Shaded","section":"Shading Mode"},"sceneLighting":false,"audioPlay":false,"sceneViewState":{"showFog":false,"showMaterialUpdate":false,"showSkybox":false,"showFlares":false,"showImageEffects":false,"showParticleSystems":false},"in2DMode":false,"pivot":{"x":99.99235534667969,"y":118.3209457397461,"z":90.0},"rotation":{"x":-0.052285656332969668,"y":-0.0028984418604522945,"z":0.0001519095676485449,"w":-0.9986287355422974},"size":86.42243957519531,"orthographic":false}