{"cameraMode":{"drawMode":0,"name":"Shaded","section":"Shading Mode"},"sceneLighting":false,"audioPlay":false,"sceneViewState":{"showFog":false,"showMaterialUpdate":false,"showSkybox":false,"showFlares":false,"showImageEffects":false,"showParticleSystems":false},"in2DMode":false,"pivot":{"x":-3.5330429077148439,"y":54.7402229309082,"z":-1.3695993423461915},"rotation":{"x":-0.015779996290802957,"y":0.060553159564733508,"z":-0.0009571032132953405,"w":-0.9980413913726807},"size":10.541508674621582,"orthographic":false}