{"cameraMode":{"drawMode":0,"name":"Shaded","section":"Shading Mode"},"sceneLighting":false,"audioPlay":false,"sceneViewState":{"showFog":false,"showMaterialUpdate":false,"showSkybox":false,"showFlares":false,"showImageEffects":false,"showParticleSystems":false},"in2DMode":false,"pivot":{"x":-6.4527387619018559,"y":48.54649353027344,"z":92.0},"rotation":{"x":-0.09951915591955185,"y":0.04982763156294823,"z":-0.004989588633179665,"w":-0.9937763810157776},"size":154.10397338867188,"orthographic":false}